{
  "swagger": "2.0",
  "info": {
    "description": "This is a API to generate Sample API for Tibco BWCE",
    "version": "1.0.0",
    "title": "FRWK Sample"
  },
  "host" : "localhost:4050",
  "basePath": "/frwk1",
  "schemes" : [ "http" ],
  "paths": {
    "/resource1": {
      "post": {
        "description": "Sample POST for FRWK Interface",
		"operationId" : "post-resource",
        "consumes": [ "application/json"],
        "parameters": [
          {
            "name": "body",
            "in": "body",
            "description": "",
            "schema": {
              "$ref": "#/definitions/ElementRQ"
            }
          }
        ],
        "produces": ["application/json"],
        "responses": {
          "200": {
            "description": "Success",
            "schema": {
              "$ref": "#/definitions/ElementRS"
            }
          },
         "400": {
            "description": "Bad input parameter"
          },
          "401": {
            "description": "Unauthorized"
          },
          "403": {
            "description": "Forbidden"
          },
          "404": {
            "description": "Not Found"
          },
          "405": {
            "description": "Invalid input"
          }
        }
      }
	   
    }
  },

  "definitions": {
    "ElementRQ": {
      "type": "object",
      "properties": {
        "ProjectLocation": {
          "type": "string"
        },
		"Pkg": {
          "type": "string"
        },
        "PropFileLocation": {
          "type": "string"
        },
		"SourceType": {
          "type": "string",
		  "enum": ["JMS","HTTP"]
		  
        },
		"DestinationType": {
          "type": "string",
		  "enum": ["JMS","HTTP"]
		  
        },
		"Intermediates": {
          "type": "string"
        }
      }
    },

    "ElementRS": {
      "type": "object",
      "properties": {
        "StatusMessage": {
          "type": "string"
        },
        "StatusCode": {
          "type": "string"
        }
      }
    }
  }
}